{
  "benchmark": "ros2-control-loop",
  "generatedAt": "2026-04-04T21:21:12.369Z",
  "iterations": 600,
  "p50": 1.6087500000001,
  "p95": 1.7635830000001533,
  "p99": 1.8833329999999933,
  "steadyP99": 1.8435830000000806,
  "worstBatchP99": 1.90787499999999,
  "slaTargetMs": 10,
  "status": "PASS"
}
